UnitID,Institution Name,Grand total (EFFY2018  Undergraduate),State abbreviation (HD2017),Total price for in-state students living on campus 2017-18 (DRVIC2017),Grand total (EFFY2017  Undergraduate),Grand total (EFFY2016  Undergraduate),Grand total (EFFY2015  Undergraduate),Grand total (EFFY2014  Undergraduate),Grand total (EFFY2013  Undergraduate),Grand total (EFFY2012  Undergraduate),Grand total (EFFY2011  Undergraduate),Grand total (EFFY2010  Undergraduate),Grand total (EFFY2009  Undergraduate),Applicants total (ADM2017),Admissions total (ADM2017),SAT Math 75th percentile score (ADM2017),
126182,Adams State University,2454,CO,22895,2478,2685,2707,2921,2965,3058,3132,2906,2648,1791,1771,540,
100654,Alabama A & M University,5343,AL,23057,5207,4865,4549,4407,4468,4582,5295,5108,4978,8610,7772,495,
100724,Alabama State University,4732,AL,21482,5229,5373,5456,6124,5906,5541,5548,5493,5455,6842,6696,481,
138716,Albany State University,9549,GA,19069,8629,3303,3723,4030,4236,4769,4723,4587,4242,,,,
175342,Alcorn State University,3297,MS,23413,3211,3304,3356,3539,3638,3911,3511,3132,3053,3464,2723,590,
222831,Angelo State University,9427,TX,19547,8728,8132,5972,5984,7851,6733,6781,6462,6380,4354,3204,540,
197869,Appalachian State University,18135,NC,19012,17811,17469,17504,17231,16952,16774,16338,16083,15783,14009,9807,630,
448886,Arizona State University-Downtown Phoenix,9837,AZ,29163,10209,10334,10320,9632,9126,,,,,5340,4123,620,
420574,Arizona State University-Polytechnic,4852,AZ,26923,4380,4076,4015,3695,3673,,,,,2483,1894,660,
483124,Arizona State University-Skysong,37822,AZ,25806,31018,24801,17232,11969,7815,,,,,10432,6616,,
407009,Arizona State University-West,4061,AZ,26042,3743,3613,3727,3643,3864,,,,,2231,1777,620,
106458,Arkansas State University-Main Campus,11038,AR,22486,11527,11198,11299,11707,11951,11965,11913,11912,11563,5683,3752,625,
106467,Arkansas Tech University,12058,AR,18705,12426,12650,12757,12284,11912,11562,10738,9977,8304,5006,4743,,
100830,Auburn University at Montgomery,5246,AL,19790,5004,5072,5272,5266,5135,5424,5833,5941,5504,2474,2042,545,
482149,Augusta University,6043,GA,21254,5906,5445,6016,6510,7386,,,,,2420,1805,490,
219602,Austin Peay State University,11013,TN,24224,10991,10669,10782,11432,11381,11564,11343,10949,10382,7185,6476,598,
150136,Ball State University,19236,IN,24280,19231,18583,17514,17690,18458,18936,20010,19812,18786,24191,15017,610,
173124,Bemidji State University,5846,MN,20729,5913,5905,5793,5750,5851,5972,6083,5823,5566,4033,2670,,
219046,Black Hills State University,5402,SD,20922,5196,5346,5399,5389,5352,5263,5403,4986,4861,1693,1472,588,
211158,Bloomsburg University of Pennsylvania,9353,PA,24270,9729,9978,10131,10243,10142,10265,10202,9757,9216,9683,7093,570,
237215,Bluefield State College,1600,WV,,1558,1734,1798,2101,2390,2531,2586,2637,2333,577,470,510,
142115,Boise State University,24224,ID,21932,23634,22234,22539,22133,22987,22775,22520,21336,22664,8876,7455,580,
162007,Bowie State University,5839,MD,22710,5368,4873,4966,4884,4901,5063,4890,4896,4759,10816,3894,520,
201441,Bowling Green State University-Main Campus,16652,OH,24569,16592,15849,15489,15821,16231,16601,16389,15949,16359,15629,11441,600,
165024,Bridgewater State University,10986,MA,26206,10787,10873,10870,10807,10913,10751,10592,10168,9594,6343,5097,570,
110422,California Polytechnic State University-San Luis Obispo,22352,CA,27153,21098,20622,19762,19226,18052,18116,17736,18864,19295,48588,16817,700,
110529,California State Polytechnic University-Pomona,25910,CA,26057,24747,22651,23064,21781,21022,20842,20345,20757,21661,34911,19225,620,
110486,California State University-Bakersfield,10500,CA,25966,9769,9229,8950,8583,8556,8014,7812,7668,7348,8882,5429,,
441937,California State University-Channel Islands,7819,CA,28621,6851,6483,6082,5399,4864,4433,3963,3677,3757,10689,8366,,
110538,California State University-Chico,18423,CA,24420,17732,17353,17042,16535,16100,15779,15531,16408,16715,23305,15796,580,
110547,California State University-Dominguez Hills,14480,CA,22391,13181,13040,13013,12977,12317,12658,12474,12191,11624,17385,9333,,
110574,California State University-East Bay,15801,CA,25110,14691,14540,13944,13961,13487,13141,12327,13157,13225,15962,11820,,
110556,California State University-Fresno,23662,CA,20431,23020,22308,21840,21093,20061,20324,18878,18429,21165,17920,10646,550,
110565,California State University-Fullerton,40621,CA,27342,38279,36593,35102,34492,33248,33056,33248,32621,38236,45808,20943,590,
110583,California State University-Long Beach,34141,CA,24066,34415,34062,33438,32516,31727,31053,30931,30589,33274,63048,17650,620,
110592,California State University-Los Angeles,25757,CA,24846,24862,24156,22839,20353,21106,19177,17889,18007,19958,37396,17369,540,
409698,California State University-Monterey Bay,7572,CA,23363,7250,7308,6750,5713,5283,5170,4770,4353,4246,13112,6976,580,
110608,California State University-Northridge,38245,CA,22127,37184,38667,36986,34719,32425,34140,31896,31362,34178,30165,17391,550,
110617,California State University-Sacramento,31737,CA,25742,30445,29768,29063,28778,26871,26912,26333,25941,27780,24132,16352,570,
110510,California State University-San Bernardino,19495,CA,24247,19244,18483,17686,17167,17256,17324,15947,16049,16470,15637,8934,540,
366711,California State University-San Marcos,15748,CA,25316,12996,12644,11892,10984,10207,9797,9843,9076,8554,16514,9374,560,
110495,California State University-Stanislaus,10226,CA,20554,9299,8745,8384,8075,7722,8198,7786,7314,7765,8069,6218,,
211361,California University of Pennsylvania,6650,PA,26356,6748,6769,7009,7333,7559,8413,8314,9871,9513,3260,3133,550,
206914,Cameron University,5228,OK,15891,5383,5725,6070,6576,7113,7535,7587,7445,6658,,,,
230834,Castleton University,2152,VT,24664,2138,2188,2233,2268,2259,2247,2305,2281,2210,2297,1873,560,
128771,Central Connecticut State University,10925,CT,25215,10980,11213,11359,11255,11498,11667,11868,11817,11755,7870,5254,570,
169248,Central Michigan University,19552,MI,24076,20786,21479,22148,22140,23017,23696,23534,22687,22414,19021,12887,590,
201690,Central State University,2004,OH,18880,1897,1877,1968,2273,2418,2786,2633,2698,2458,12517,6010,440,
234827,Central Washington University,16515,WA,22601,15944,15296,14804,14039,12883,12943,13071,12951,12073,8597,7423,570,
180948,Chadron State College,2643,NE,20668,2737,2874,2936,2909,2911,2879,2829,2732,2742,,,,
128780,Charter Oak State College,2169,CT,,2313,2507,2915,2489,2592,2637,3235,3443,3045,,,,
211608,Cheyney University of Pennsylvania,765,PA,27656,793,803,1105,1315,1402,1365,1689,1660,1518,,,,
144005,Chicago State University,2438,IL,24676,2737,3968,4393,5050,5475,6198,6768,6521,6239,1396,1087,540,
231712,Christopher Newport University,5024,VA,29680,5001,5150,5169,5184,5121,4918,4889,4920,4985,6948,5030,,
211644,Clarion University of Pennsylvania,4910,PA,27360,5033,5283,5602,6017,6373,6635,6934,7132,6825,2726,2603,550,
139311,Clayton  State University,7975,GA,19631,8011,8051,8148,8519,8553,8594,8365,8345,7823,2417,1010,,
202134,Cleveland State University,14283,OH,26774,14594,14415,14214,14454,14162,13983,14142,13469,12569,7537,6788,610,
218724,Coastal Carolina University,10708,SC,25588,10624,10435,10215,9610,9555,9329,9009,8675,8219,18563,11359,580,
217819,College of Charleston,11003,SC,29669,11322,11319,11374,11353,11392,11446,11011,11135,10843,11900,9574,600,
190558,College of Staten Island CUNY,15102,NY,31734,15245,15614,16373,16748,16279,16099,15726,15821,14987,,,,
231624,College of William and Mary,6815,VA,37386,6822,6890,6857,6751,6702,6607,6425,6396,6596,14921,5359,740,
127556,Colorado Mesa University,10651,CO,23699,10851,10751,10495,11089,11169,10773,9840,8618,7577,6982,5702,590,
126775,Colorado School of Mines,4974,CO,33648,4811,4821,4654,4477,4333,4118,3962,3858,3606,10618,5916,740,
128106,Colorado State University-Pueblo,5977,CO,26702,6584,6683,6654,6420,6735,7122,7398,8435,7004,5899,5624,570,
139366,Columbus State University,8072,GA,21414,8129,8439,8420,8511,8430,8566,8693,8606,8342,3483,1860,530,
237330,Concord University,2175,WV,20418,2311,2456,2608,2893,3088,3180,3135,3138,3123,2507,2261,550,
162283,Coppin State University,2879,MD,21412,2921,3166,3205,3483,4122,4001,4005,3999,3743,6598,2409,500,
190512,CUNY Bernard M Baruch College,18674,NY,31782,18775,18799,18636,18314,17885,17533,16965,16371,16055,21432,6268,690,
190549,CUNY Brooklyn College,17859,NY,,17679,17563,17543,16826,16559,16347,16264,16188,16147,20642,8345,610,
190567,CUNY City College,15644,NY,29284,15842,15744,15418,15142,15386,15251,14913,14986,14129,21207,9834,630,
190594,CUNY Hunter College,20471,NY,22064,20626,20523,20737,20582,20978,20453,19974,19995,20024,29326,11784,660,
190600,CUNY John Jay College of Criminal Justice,16119,NY,33871,15583,15452,15922,15845,15631,15607,15602,15665,15096,15287,5923,560,
190637,CUNY Lehman College,16060,NY,27142,15231,14558,14065,13193,12769,13164,12967,12875,12547,15138,5298,540,
190664,CUNY Queens College,20564,NY,28302,20379,20154,19983,19484,19975,20232,19977,19748,18775,18180,7769,620,
190691,CUNY York College,10586,NY,,10396,10664,10735,10152,10532,10520,9951,9724,9234,13167,5855,520,
219082,Dakota State University,4297,SD,21407,4118,3987,4138,4354,4397,4412,4355,4068,3798,972,820,620,
139463,Dalton State College,6009,GA,15915,6043,5895,5741,5886,6090,6685,7328,7154,6385,,,,
130934,Delaware State University,4282,DE,23420,4770,4413,4531,4349,4444,3848,3619,3685,3682,7636,3450,490,
175616,Delta State University,3755,MS,19543,3220,3044,3147,3085,3022,3373,3438,3680,3784,879,764,590,
200059,Dickinson State University,1742,ND,17978,1705,1636,1750,1810,2188,2778,2966,3182,3203,388,384,560,
198464,East Carolina University,25427,NC,22000,25207,25671,24930,23799,23304,23674,23870,23696,22989,15860,12533,590,
207041,East Central University,3567,OK,17854,3959,4367,4290,4420,4475,4646,4687,4476,4260,1847,887,590,
212115,East Stroudsburg University of Pennsylvania,6776,PA,22960,6853,6870,6873,6922,6949,7280,7113,7118,6881,9292,7764,540,
220075,East Tennessee State University,12575,TN,21306,12499,12793,13196,13455,13960,14194,13752,13299,12674,8169,6982,590,
129215,Eastern Connecticut State University,5549,CT,27020,5737,5699,5832,5879,5932,6262,6114,6118,6022,5455,3590,,
144892,Eastern Illinois University,6972,IL,23631,6694,8019,8563,9287,9989,10579,10976,10265,10839,6965,3588,,
156620,Eastern Kentucky University,16155,KY,23094,16155,16253,16209,16142,16092,16064,16311,16066,16149,9187,8027,570,
169798,Eastern Michigan University,19454,MI,25307,19946,20388,20944,22056,22121,21961,21609,21024,20345,16126,7214,560,
187648,Eastern New Mexico University-Main Campus,5608,NM,18419,5452,5781,5655,5946,5837,5638,5399,5076,4438,2647,1600,530,
208646,Eastern Oregon University,4318,OR,22433,4554,5258,5900,5969,5372,5380,5058,4705,4309,1011,988,560,
235097,Eastern Washington University,14390,WA,22142,13848,12580,14016,14564,13895,13328,12691,12400,12981,4446,4277,560,
212160,Edinboro University of Pennsylvania,4674,PA,25351,5356,5844,6223,6402,6768,7234,7392,7238,6901,2796,2587,550,
198507,Elizabeth City State University,1538,NC,14036,1438,1823,2063,2599,3063,3310,3697,3874,3526,2677,1601,490,
155025,Emporia State University,3964,KS,19439,4039,4276,4351,4399,4279,4309,4498,4776,4847,1693,1401,,
237367,Fairmont State University,4294,WV,19606,4247,4359,4191,4483,4742,4936,5066,4971,4483,2630,1857,560,
196042,Farmingdale State College,19869,NY,24168,12307,11888,11381,11277,10890,10372,9524,9658,9303,6063,3579,570,
191126,Fashion Institute of Technology,10101,NY,23428,10610,11267,11814,12046,12494,13016,13320,13489,13131,4739,2229,,
198543,Fayetteville State University,6522,NC,16636,6626,6633,6269,6618,6352,6168,6184,6528,6920,3859,2607,510,
169910,Ferris State University,15001,MI,23556,15381,15785,15982,16120,15650,15753,15343,14613,13981,9926,7361,580,
165820,Fitchburg State University,4804,MA,23981,4765,4844,4899,4887,4834,4846,4965,4919,4742,3608,2888,560,
133650,Florida Agricultural and Mechanical University,8898,FL,22881,8721,9130,9513,9934,11025,12103,12461,11307,10621,7533,3437,560,
133669,Florida Atlantic University,31186,FL,23359,31454,32087,31588,31234,30753,30319,29230,28634,27942,15176,9107,600,
433660,Florida Gulf Coast University,15411,FL,20390,15317,15223,14935,14410,13703,12858,11248,11072,10200,13832,8889,600,
482936,Florida Polytechnic University,1498,FL,21043,1336,948,573,,,,,,,1215,672,670,
155061,Fort Hays State University,14422,KS,17831,13918,13964,13602,13291,13391,12980,12138,11373,10169,2294,2033,,
127185,Fort Lewis College,3688,CO,26691,3925,4086,4194,4364,4305,3962,4191,4407,4227,4473,3722,610,
139719,Fort Valley State University,2556,GA,21108,2543,2553,2559,3126,3653,4099,4048,4010,3362,3527,1540,338,
165866,Framingham State University,4871,MA,26150,5126,5350,5371,5371,5372,5234,4978,4876,4880,6039,4113,560,
218061,Francis Marion University,3774,SC,23242,3879,3941,4051,4140,4171,4329,4178,4109,3897,3787,2274,530,
162584,Frostburg State University,5262,MD,21642,5466,5534,5540,5325,5176,5273,5385,5241,5015,3436,2484,550,
139861,Georgia College & State University,6674,GA,28120,6804,6751,6720,6415,6186,6256,6295,6314,6113,4089,3230,620,
447689,Georgia Gwinnett College,15116,GA,24364,14770,14245,13562,12361,11653,9998,6890,3951,2064,,,,
139931,Georgia Southern University,27294,GA,22860,20314,20522,20476,20509,20501,20164,19599,18900,17610,9202,6284,600,
139764,Georgia Southwestern State University,3111,GA,20436,3024,2868,3034,3175,3344,3380,3422,3201,2946,1279,863,540,
237385,Glenville State College,2063,WV,23182,2123,2269,2237,2263,2265,2285,2181,1972,1713,,,,
145336,Governors State University,4122,IL,28370,4379,4253,4388,4146,4058,4171,3894,3721,3518,874,573,520,
159009,Grambling State University,5049,LA,26091,5405,4202,4098,4649,4937,5018,5019,5087,5682,7232,3093,,
170082,Grand Valley State University,23892,MI,24244,24282,23943,23778,23605,23677,23556,23229,23084,22570,17533,14184,610,
183257,Granite State College,2688,NH,,2767,2883,2827,2690,2713,2540,2437,2237,2140,,,,
177551,Harris-Stowe State University,1750,MO,21156,1780,1805,1630,1665,1807,2025,2010,2184,2253,,,,
107071,Henderson State University,3151,AR,20830,3344,3427,3586,3599,3760,3826,3753,3559,3540,2367,1886,565,
115755,Humboldt State University,8497,CA,24721,8602,8686,8498,8287,7937,7976,7750,7541,7734,11453,9372,570,
142276,Idaho State University,13130,ID,21111,13687,13626,14341,14430,15063,15094,15414,16333,15398,,,,
145813,Illinois State University,19739,IL,28929,20115,19898,19636,19189,19714,19965,19847,19770,19510,11592,10332,,
151324,Indiana State University,13390,IN,22402,13626,14331,14769,12998,13141,12204,12215,10838,10740,11720,9904,550,
213020,Indiana University of Pennsylvania-Main Campus,11408,PA,27309,12003,13061,13596,13920,14528,14398,14051,13556,13101,9880,8973,550,
151388,Indiana University-East,5148,IN,,6092,6342,6035,5729,5446,4659,4164,3700,3182,1279,891,548,
151333,Indiana University-Kokomo,3453,IN,,4707,4691,4644,4649,4295,3952,3758,3530,3183,1770,1244,550,
151360,Indiana University-Northwest,4613,IN,,6545,6692,6864,7190,6977,6824,6891,6379,5552,1749,1302,540,
151111,Indiana University-Purdue University-Indianapolis,24944,IN,22550,25516,25859,26724,27362,27342,27556,28114,28129,27595,11091,8834,590,
151342,Indiana University-South Bend,5747,IN,19655,7726,8059,8454,9144,9363,9350,9606,9483,8597,2580,2005,550,
151379,Indiana University-Southeast,5782,IN,20529,6588,6944,7150,7303,7323,7532,7747,7301,6925,2273,1881,550,
175856,Jackson State University,7550,MS,23096,8529,8693,8338,8058,8130,8089,6856,7753,7579,6282,4506,540,
101480,Jacksonville State University,8735,AL,20560,8847,8628,8893,8731,9315,9671,9526,9411,9217,6005,3244,520,
232423,James Madison University,21798,VA,26122,21167,21306,20843,20308,20065,19620,19492,18619,18077,21100,15867,620,
185262,Kean University,13725,NJ,29261,13719,13730,13987,13820,14472,15226,14982,13773,12980,8851,7277,530,
183062,Keene State College,4081,NH,27284,4409,4529,5046,5317,5397,5562,5663,6651,5693,5580,4613,560,
486840,Kennesaw State University,37610,GA,25773,36940,35348,34656,,,,,,,13998,8487,610,
203517,Kent State University at Kent,26517,OH,25514,27376,27443,27183,26883,26315,25787,24620,23083,21046,15538,13598,600,
157058,Kentucky State University,2718,KY,19167,2450,1950,2343,2983,3235,3214,3147,3140,2947,2078,941,520,
213349,Kutztown University of Pennsylvania,7861,PA,27031,8365,8908,9257,9556,9923,10163,10449,10435,10172,7175,5965,560,
170639,Lake Superior State University,2620,MI,23721,2301,2559,2678,2724,2884,3050,2994,2943,2923,1262,734,595,
226091,Lamar University,10816,TX,22402,11312,11465,11075,11200,11730,12459,11472,10857,10704,5445,4446,560,
218229,Lander University,2947,SC,24500,2887,2892,2944,3050,3305,3380,3402,3301,2992,4368,2078,540,
207209,Langston University,2337,OK,20429,2346,2434,2380,2422,2359,2865,2812,2823,3213,,,,
142328,Lewis-Clark State College,4919,ID,16734,4883,4779,5690,5625,5964,5911,5816,5336,4955,1760,1753,540,
213598,Lincoln University,2190,PA,27355,1954,1808,1695,2210,1783,1845,1897,2104,2103,3587,2858,530,
177940,Lincoln University,2950,MO,18454,3129,3419,3496,3459,3673,3950,3910,3882,3629,,,,
213613,Lock Haven University,3722,PA,26484,4187,4528,4967,5277,5514,5553,5757,5706,5611,3020,2689,550,
232566,Longwood University,5152,VA,26908,5044,5256,5059,4898,4738,4571,4345,4278,4173,4873,4475,550,
159382,Louisiana State University-Alexandria,4074,LA,19171,4119,3768,3244,2822,3051,3282,3309,3340,3634,2147,667,580,
159416,Louisiana State University-Shreveport,3351,LA,,3341,3466,3815,4437,5194,5252,5062,5350,5038,594,498,572,
159647,Louisiana Tech University,12053,LA,20364,12708,12174,10902,10601,10519,10768,10614,10226,10140,6952,4508,560,
213783,Mansfield University of Pennsylvania,1981,PA,28722,2287,2476,2787,3029,3139,3206,3318,3449,3357,1906,1700,560,
237525,Marshall University,11106,WV,21390,10988,11018,10885,11113,11330,11423,11429,11002,10615,5026,4533,560,
167288,Massachusetts College of Liberal Arts,1749,MA,24635,1822,1753,1816,1784,1891,1941,2028,1962,1866,1947,1492,610,
200226,Mayville State University,1549,ND,17072,1514,1275,1424,1389,1364,1289,1318,1204,1102,368,177,,
159717,McNeese State University,7736,LA,21366,7833,8361,8365,8404,8597,8859,8956,8717,8498,3300,2054,660,
174020,Metropolitan State University,9900,MN,,10181,10305,10122,10285,10288,10041,9703,8951,8724,929,516,,
127565,Metropolitan State University of Denver,24266,CO,,24430,24868,26034,27414,28612,29380,29852,29074,27734,11435,7349,560,
204006,Miami University-Hamilton,3423,OH,,3578,3811,4282,4566,4699,4792,4914,4489,3340,,,,
204015,Miami University-Middletown,2473,OH,,2431,2420,2597,2809,2665,2890,3051,2884,2306,,,,
204024,Miami University-Oxford,18422,OH,31811,18239,17717,16969,16587,16153,15892,15846,15561,15618,30255,20635,710,
171128,Michigan Technological University,6139,MI,29100,6148,6035,5908,5912,5942,6023,6068,6225,6352,5469,4074,680,
482158,Middle Georgia State University,8984,GA,15681,9337,9639,9790,10231,11274,,,,,4841,4549,520,
220978,Middle Tennessee State University,22481,TN,22722,23050,23722,23955,24521,25850,26958,27196,25981,24810,9938,5898,590,
226833,Midwestern State University,6157,TX,20146,6094,6039,6060,5887,6087,6327,6705,6573,6268,3354,2730,550,
214041,Millersville University of Pennsylvania,7659,PA,28867,7915,8025,8036,8259,8521,8575,8720,8556,8465,6659,5293,570,
174358,Minnesota State University Moorhead,6002,MN,21746,6177,6088,6531,7079,7454,7887,8082,8046,8172,4400,2657,630,
173920,Minnesota State University-Mankato,14969,MN,20226,15273,15299,15249,15514,15386,15553,15117,14674,14467,11689,7126,,
200253,Minot State University,3574,ND,17754,3752,3792,3862,3786,4097,4107,4337,4126,3891,709,489,550,
176035,Mississippi University for Women,3020,MS,19146,3200,2981,3033,2921,3090,3222,2928,2860,2688,708,694,610,
176044,Mississippi Valley State University,2344,MS,19986,2346,2355,2197,2295,2495,2536,2631,3008,3028,2310,1993,,
178341,Missouri Southern State University,6748,MO,17120,6867,6570,6578,6464,6463,6565,6861,6850,6819,2682,2550,,
179566,Missouri State University-Springfield,22849,MO,21062,22856,21809,21087,20400,19849,19480,19094,18906,18178,9453,7944,620,
178411,Missouri University of Science and Technology,7189,MO,22012,7192,7163,6867,6519,6160,5987,5795,5514,5167,3876,3237,700,
178387,Missouri Western State University,5996,MO,19965,5851,6090,6471,6467,6727,7027,7267,6901,6640,,,,
180179,Montana State University Billings,5220,MT,19583,5049,5062,5283,5500,5624,5736,5777,3854,3723,,,,
180522,Montana State University-Northern,1451,MT,16731,1476,1510,1419,1564,1538,1618,1528,1499,1440,595,595,,
180416,Montana Technological University,1882,MT,20924,2155,2306,2205,2145,2168,2238,2557,2916,2450,630,582,670,
185590,Montclair State University,18798,NJ,30323,18785,18348,17970,17477,16649,16816,16654,16388,16216,13384,9457,570,
157386,Morehead State University,10903,KY,22326,10942,10959,11057,11092,10893,10758,8530,8404,8603,5392,4293,550,
163453,Morgan State University,6928,MD,23296,7031,7041,6893,6931,7242,7476,7364,7002,6694,7247,4618,540,
157401,Murray State University,9087,KY,22870,9916,10225,10539,10128,9972,9972,9441,9130,9520,6900,5980,630,
441900,Nevada State College,5775,NV,,5097,4938,4854,4714,4626,4362,4415,3885,3172,1426,1201,,
262129,New College of Florida,872,FL,20650,885,884,879,818,861,868,832,840,807,1353,933,670,
185129,New Jersey City University,7528,NJ,30466,7664,7469,7423,7505,7761,7898,7817,7804,8220,4381,4024,540,
187897,New Mexico Highlands University,2310,NM,18720,2494,2715,2675,2980,2941,2938,2726,2698,2651,,,,
187967,New Mexico Institute of Mining and Technology,1568,NM,21345,1707,1755,1784,1760,1714,1637,1580,1636,1496,1513,328,700,
188030,New Mexico State University-Main Campus,13024,NM,20159,13379,14169,14469,15119,16085,16418,17036,16982,16065,8192,5230,580,
159966,Nicholls State University,6615,LA,21920,6510,6454,6600,6853,6914,7109,7444,7374,7350,2571,2410,590,
232937,Norfolk State University,5152,VA,25897,5412,5078,6008,6730,7238,7351,7000,6958,6425,6008,5415,510,
199102,North Carolina A & T State University,11370,NC,17886,10808,10489,10284,10105,10194,10382,10560,10343,10083,10661,6634,540,
199157,North Carolina Central University,7165,NC,22198,7218,7226,6728,7005,7538,7476,7499,7395,6908,6671,5524,510,
200332,North Dakota State University-Main Campus,12459,ND,21452,12915,13063,13138,12988,12972,12959,13073,12749,11861,6424,5884,670,
147776,Northeastern Illinois University,8562,IL,31049,9260,9669,10101,10678,11113,11325,11536,11282,10845,6788,4710,490,
207263,Northeastern State University,7933,OK,17291,8087,8245,8370,8737,8967,9600,10135,9749,9140,1787,1710,535,
105330,Northern Arizona University,29918,AZ,26923,29609,28303,26123,24637,23870,22975,22253,19586,18942,36875,29812,,
147703,Northern Illinois University,14730,IL,28848,15429,16344,16793,17416,18076,18830,19512,19906,20113,14641,7806,,
157447,Northern Kentucky University,13821,KY,22776,14141,14417,14497,14465,14695,14912,15530,15327,15071,5852,5289,590,
171456,Northern Michigan University,8170,MI,23288,8273,8660,9097,9446,9771,10081,9969,10243,9880,6173,4591,560,
219259,Northern State University,4414,SD,21324,4204,4487,4378,3233,3215,3358,3092,2491,2626,994,873,580,
230913,Northern Vermont University,2938,VT,24970,1645,1627,1697,1760,1849,1944,1997,2030,1956,1050,913,540,
178624,Northwest Missouri State University,6032,MO,19346,6167,6311,6074,6120,6592,6930,6792,6659,6382,5129,3801,625,
207306,Northwestern Oklahoma State University,2148,OK,16346,2321,2294,2299,2413,2431,2438,2385,2412,2262,1014,842,,
160038,Northwestern State University of Louisiana,11658,LA,21399,10781,10199,9517,9604,10116,9903,9962,10109,10033,4409,3540,560,
171571,Oakland University,18524,MI,24678,19321,19641,19299,19194,18992,19267,18903,18446,17448,10296,8691,610,
204857,Ohio University-Main Campus,25968,OH,27242,26467,27817,27690,27557,26272,26412,25318,21763,19288,26263,19416,620,
207351,Oklahoma Panhandle State University,1357,OK,14080,1428,1479,1520,1613,1598,1718,1651,1575,1489,,,,
232982,Old Dominion University,21924,VA,25594,22386,22680,22590,22470,22102,21958,21409,20678,19666,11159,9566,590,
209506,Oregon Institute of Technology,8042,OR,23708,7358,6456,5539,5612,5255,5183,4952,5202,4916,1314,807,610,
214801,Pennsylvania State University-Penn State Abington,4570,PA,32424,4597,4705,4705,4432,4252,4142,4119,4074,4091,5145,4385,620,
214689,Pennsylvania State University-Penn State Altoona,3690,PA,33098,3607,3938,4061,4040,4007,4313,4381,4415,4294,5430,5009,590,
214698,Pennsylvania State University-Penn State Beaver,735,PA,31602,800,803,835,823,946,1119,1114,1077,1001,792,644,600,
214704,Pennsylvania State University-Penn State Berks,3012,PA,33098,3134,3189,3098,3007,2976,3098,3014,2961,3060,2447,2097,600,
214731,Pennsylvania State University-Penn State Brandywine,1587,PA,32368,1533,1648,1663,1700,1762,1853,1860,1832,1839,1627,1416,610,
214591,Pennsylvania State University-Penn State Erie-Behrend College,4659,PA,33098,4641,4432,4301,4253,4351,4437,4465,4573,4488,4076,3624,640,
214759,Pennsylvania State University-Penn State Fayette- Eberly,719,PA,,693,783,820,974,995,1101,1239,1285,1325,728,598,570,
214786,Pennsylvania State University-Penn State Greater Allegheny,553,PA,31602,612,656,715,710,760,785,857,855,927,579,474,600,
214713,Pennsylvania State University-Penn State Harrisburg,4710,PA,33098,4562,4247,4061,4043,3867,3644,3434,3203,2952,5574,4668,650,
214768,Pennsylvania State University-Penn State Hazleton,868,PA,32368,959,960,969,1047,1155,1268,1385,1321,1293,602,563,580,
214670,Pennsylvania State University-Penn State Lehigh Valley,1060,PA,,1045,1015,1033,1046,1039,1068,1006,957,916,1262,1077,620,
214625,Pennsylvania State University-Penn State New Kensington,747,PA,,833,827,846,855,901,997,1063,1017,1075,555,426,600,
214810,Pennsylvania State University-Penn State Schuylkill,830,PA,32306,884,883,904,933,979,1132,1160,1113,1113,642,485,540,
214652,Pennsylvania State University-Penn State Scranton,1131,PA,,1123,1184,1319,1352,1415,1504,1668,1690,1653,883,688,570,
214634,Pennsylvania State University-Penn State Shenango,595,PA,,542,615,657,663,698,795,853,1018,1041,276,205,550,
214643,Pennsylvania State University-Penn State Wilkes-Barre,529,PA,,546,560,592,678,700,751,821,754,723,433,357,590,
214829,Pennsylvania State University-Penn State York,1114,PA,,1181,1234,1324,1314,1354,1472,1663,1688,1702,1474,1216,680,
181534,Peru State College,2703,NE,19052,2946,2947,2911,2866,2873,2786,2879,2694,2568,,,,
155681,Pittsburg State University,6410,KS,19566,6544,6784,6981,6913,6866,7007,6794,6809,6610,2486,2168,,
183080,Plymouth State University,4434,NH,28314,4451,4518,4151,4428,4587,4829,4830,4676,4720,6715,5291,,
209807,Portland State University,26501,OR,,27483,28348,28640,29499,30006,30128,29331,29068,27390,6815,6300,600,
227526,Prairie View A & M University,8533,TX,23750,8105,7650,7306,7413,7537,7687,7647,7259,6880,6422,5069,520,
151102,Purdue University Fort Wayne,12228,IN,21801,13361,14092,14847,15056,15567,15966,15788,15665,14572,4403,4157,580,
490805,Purdue University Northwest,13185,IN,22547,16612,,,,,,,,,4136,1434,580,
233277,Radford University,8836,VA,23249,8967,9379,9390,9387,9088,8835,8406,8178,8560,14620,10866,,
186201,Ramapo College of New Jersey,6302,NJ,30839,6466,6456,6545,6480,6541,6613,6694,6666,6502,6695,3840,610,
217420,Rhode Island College,7990,RI,22952,8318,8445,8547,8545,8618,8795,8952,9035,8768,4846,3566,530,
207661,Rogers State University,4564,OK,21830,4759,4997,4982,5540,6003,6008,5753,5497,5105,,,,
184782,Rowan University,17470,NJ,31058,16047,14726,13538,12356,11873,11645,11266,10961,10268,14068,9766,630,
186371,Rutgers University-Camden,6354,NJ,31082,5929,5822,5691,5667,5606,5581,5451,5145,4759,11338,7861,590,
186399,Rutgers University-Newark,10329,NJ,31838,10230,9529,9045,8904,9347,9168,9354,8742,8509,13435,8631,590,
172051,Saginaw Valley State University,8652,MI,21849,9306,9781,10095,10272,10621,10884,10776,10394,9743,6457,4768,590,
174783,Saint Cloud State University,14944,MN,20686,15955,16344,16759,17266,17527,18373,19247,19188,18430,6387,5479,588,
167729,Salem State University,8501,MA,26224,8853,9084,9258,9397,9483,9431,9606,9665,9630,6185,5066,560,
163851,Salisbury University,8417,MD,25062,8721,8658,8941,8808,8792,8679,8487,8340,8206,8171,5313,,
227881,Sam Houston State University,20209,TX,21824,19784,19163,18510,17870,17271,16423,16226,15954,15748,12383,9212,560,
122409,San Diego State University,32312,CA,28224,31609,30960,30217,29520,27348,27233,29115,28366,30386,60910,21574,650,
122597,San Francisco State University,29871,CA,26719,29485,29787,28101,28203,27695,27890,27564,27422,28590,34524,24327,570,
122755,San Jose State University,29585,CA,28166,27394,27855,27898,27264,26085,26281,25151,25516,28121,31909,21340,610,
140960,Savannah State University,4802,GA,16999,5274,5266,5340,5339,5037,4923,4548,4250,3879,4459,2486,500,
205443,Shawnee State University,3864,OH,20910,3674,4453,4776,4893,5186,5393,5346,5107,4726,3011,2075,615,
237792,Shepherd University,3936,WV,21031,3899,4162,4261,4721,4850,5014,4904,4699,4729,1573,1402,570,
216010,Shippensburg University of Pennsylvania,5999,PA,28200,6337,6402,6739,7035,7224,7632,7671,7537,7357,5247,4384,570,
216038,Slippery Rock University of Pennsylvania,8573,PA,24377,8681,8601,8601,8575,8843,8989,9095,8984,8795,5836,4172,580,
123572,Sonoma State University,9464,CA,26034,9244,9053,8702,8692,8352,8146,7817,7657,8185,15712,12888,580,
218733,South Carolina State University,2728,SC,29740,2760,2875,3017,3233,3572,4308,4353,4524,4742,2521,1973,490,
219356,South Dakota State University,13097,SD,22804,13103,13235,12948,12891,13165,13020,12997,12670,12281,5551,5072,630,
179557,Southeast Missouri State University,11693,MO,21004,12002,12162,12353,12212,11953,11811,11583,11217,10891,4977,4208,,
160612,Southeastern Louisiana University,16467,LA,21677,16512,16501,16101,16232,16960,16849,16443,16103,15909,4451,3932,,
207847,Southeastern Oklahoma State University,3733,OK,17620,3799,3926,4171,4305,4502,4642,4698,4721,4264,1174,850,,
107983,Southern Arkansas University Main Campus,3866,AR,22569,3661,3376,3422,3353,3254,3315,3343,3247,3131,3604,2503,570,
130493,Southern Connecticut State University,8994,CT,25837,9043,9286,9206,9415,9217,9440,9983,9814,9740,8922,5792,550,
149222,Southern Illinois University-Carbondale,12170,IL,28595,13518,14593,15116,14779,16205,17448,17653,18080,18758,7961,6051,690,
149231,Southern Illinois University-Edwardsville,12972,IL,24616,13294,13163,12828,12506,12648,12773,12712,12580,12487,6273,5615,600,
210146,Southern Oregon University,6594,OR,26748,6563,6569,6397,6553,6853,7068,6880,6197,6091,2779,2181,560,
160621,Southern University and A & M College,5932,LA,23377,6177,11717,6243,6785,6293,6635,7052,7378,7526,5307,2413,490,
160630,Southern University at New Orleans,2590,LA,20539,2595,2736,2577,2682,2730,3375,3279,3194,2804,1650,407,,
230603,Southern Utah University,13625,UT,20143,13464,14451,13470,13171,14150,14607,11688,11222,10816,11693,8863,600,
175078,Southwest Minnesota State University,8093,MN,20776,8381,8200,7922,7625,7714,7345,7110,7247,7687,2051,1264,,
207865,Southwestern Oklahoma State University,5297,OK,19933,5223,5093,4943,4813,4915,5154,5150,5003,4775,2541,2337,,
163912,St. Mary's College of Maryland,1661,MD,29678,1746,1797,1871,1928,2034,2060,2076,2090,2183,1655,1364,640,
196176,State University of New York at New Paltz,8514,NY,24230,7709,7749,7758,7756,7583,7553,7292,7560,7572,13753,6092,620,
228431,Stephen F Austin State University,12235,TX,21276,12149,12040,12241,11982,12672,12937,12670,12487,11674,11081,7250,580,
186876,Stockton University,9772,NJ,30281,9105,8971,8918,8677,8511,8241,8038,7674,7591,5706,4652,590,
228501,Sul Ross State University,2735,TX,22282,2749,2681,2481,2419,2413,2626,2772,2655,2517,810,807,500,
196158,SUNY at Fredonia,4681,NY,23597,4639,4831,5173,5441,5573,5798,5727,5641,5585,5474,3553,590,
196219,SUNY at Purchase College,4683,NY,26352,4705,4849,4887,5011,4986,5057,4942,4875,4980,4056,3002,570,
196130,SUNY Buffalo State,9749,NY,25208,9611,10293,10707,10665,11182,11425,11286,11061,10366,14659,8438,530,
196121,SUNY College at Brockport,8026,NY,24126,7881,7938,7917,7912,7930,8027,8094,7985,7921,9628,5120,590,
196167,SUNY College at Geneseo,5863,NY,25122,5792,5856,5826,5892,5940,5970,5897,5891,5879,8789,6360,650,
196237,SUNY College at Old Westbury,6119,NY,23363,5335,5183,5222,5187,5137,5198,5200,4890,4474,3752,2935,550,
196194,SUNY College at Oswego,9847,NY,24131,8251,8225,8390,8547,8375,8421,8394,8052,8969,11727,6292,615,
196246,SUNY College at Plattsburgh,6069,NY,24648,5846,6043,6205,6344,6333,6484,6662,6602,6561,9643,5101,590,
196200,SUNY College at Potsdam,3996,NY,24113,3694,3907,3954,4116,4191,4289,4326,4192,4146,5581,3717,,
196033,SUNY College of Agriculture and Technology at Cobleskill,3277,NY,24813,3213,2770,2797,2802,2755,2897,2988,3017,2977,3089,2912,530,
196103,SUNY College of Environmental Science and Forestry,1915,NY,27303,1825,1867,1843,1816,1769,2319,2345,2200,2104,1818,948,650,
196015,SUNY College of Technology at Canton,4981,NY,23885,5183,4914,4827,4881,5232,5507,4671,4587,3926,3672,2886,540,
196149,SUNY Cortland,7124,NY,24879,6972,6829,6950,7025,6934,6895,6866,6745,6749,11909,5708,600,
196264,SUNY Empire State College,15814,NY,,16376,17171,17747,18133,18788,18981,23459,18692,18276,,,,
196185,SUNY Oneonta,6594,NY,24162,6150,6311,6340,6606,6371,6598,6644,6490,6421,11100,6607,590,
196112,SUNY Polytechnic Institute,2411,NY,23838,2206,2371,2309,2114,1992,2146,2477,2736,2861,2982,1863,640,
228529,Tarleton State University,12644,TX,20387,12853,12194,11609,11008,10339,11719,10889,10276,9561,10681,5381,560,
221838,Tennessee State University,8998,TN,21276,8012,8222,8168,7869,7909,8231,7816,7840,7535,,,,
221847,Tennessee Technological University,10103,TN,26513,10215,10658,11331,11252,11005,10940,10352,9776,9361,7143,4600,620,
226152,Texas A & M International University,7779,TX,17983,7371,7869,7681,7679,7466,7130,6951,6442,5915,7768,3852,550,
483036,Texas A & M University-Central Texas,2493,TX,,2756,2652,2489,2491,2231,,,,,,,,
224554,Texas A & M University-Commerce,9527,TX,21651,9389,8943,8388,8023,8029,7196,7222,6581,5437,9520,3288,570,
224147,Texas A & M University-Corpus Christi,11428,TX,21327,10798,10685,10237,10073,10146,9089,9366,8912,8476,12464,7536,530,
228705,Texas A & M University-Kingsville,7900,TX,22825,7706,7607,7429,11180,10385,9509,9084,7427,6590,6717,5651,560,
459949,Texas A&M University-San Antonio,6362,TX,25408,5741,4687,4371,,,,,,,6894,2388,530,
224545,Texas A&M University-Texarkana,2030,TX,20254,1953,1796,1795,1725,1778,1776,1575,1396,1405,4394,2366,580,
229063,Texas Southern University,8961,TX,25271,8075,7720,7608,7331,7852,7842,8035,8242,8167,12995,8663,460,
228459,Texas State University,37365,TX,22625,37449,36791,35444,34304,33061,31799,30338,28838,27534,24277,17717,590,
229179,Texas Woman's University,12131,TX,19723,12020,11785,11128,11029,11111,9607,9077,8365,8772,5502,4716,530,
187134,The College of New Jersey,7289,NJ,34468,7212,7217,7119,7162,7124,7093,6958,6680,6681,12898,6130,670,
235167,The Evergreen State College,4246,WA,21382,4650,4691,4702,4944,5189,5402,5563,5346,5352,1772,1706,560,
180692,The University of Montana-Western,1771,MT,18428,1780,1747,1783,1769,1800,1995,1901,1839,1697,815,495,550,
221740,The University of Tennessee-Chattanooga,11057,TN,22764,11164,11060,11232,11265,11197,10941,10106,10031,9392,7235,5990,610,
221768,The University of Tennessee-Martin,7255,TN,20206,7188,7256,7471,7942,8311,8581,9118,8845,8292,4884,3004,,
229027,The University of Texas at San Antonio,29499,TX,23285,27880,27364,27008,26928,29354,29312,29544,28523,28011,15973,12692,600,
228802,The University of Texas at Tyler,8521,TX,20902,8110,7349,6929,6545,6090,5991,5845,5454,5597,2511,1632,610,
229018,The University of Texas of the Permian Basin,7711,TX,21394,7594,7119,5962,5517,4336,3778,3851,3482,3080,873,781,590,
227368,The University of Texas Rio Grande Valley,28026,TX,20035,27807,27811,20958,20047,19333,19069,19011,19614,19137,10540,8483,550,
233897,The University of Virginia's College at Wise,3325,VA,24149,3474,3426,3816,3552,3229,2869,2419,2321,2376,845,655,548,
138354,The University of West Florida,12156,FL,19014,12449,12463,12149,12258,12482,12160,11771,11433,12374,5774,2863,610,
187046,Thomas Edison State University,15170,NJ,,16244,16506,17590,20143,19596,19405,19140,17722,17320,,,,
164076,Towson University,22004,MD,26308,21615,21337,21410,21171,20663,20222,19934,19674,19694,12747,9854,600,
102368,Troy University,16868,AL,19815,16979,17375,18429,20437,22220,25182,28121,27773,26996,7367,6492,605,
178615,Truman State University,6264,MO,21094,6289,6045,6116,6096,6200,6067,5898,5670,5777,5263,3552,715,
200800,University of Akron Main Campus,18944,OH,26086,19588,21460,22378,23427,25272,26545,25976,24869,23110,15109,13983,640,
100706,University of Alabama in Huntsville,8145,AL,25681,7519,6994,6540,6596,6695,6983,6984,7194,6947,4454,3618,670,
102553,University of Alaska Anchorage,22973,AK,27098,23824,24754,25716,26120,25206,26030,26399,26356,24791,3716,3078,,
102632,University of Alaska Southeast,3622,AK,19876,3874,4830,5242,5092,5387,5787,6214,5808,5529,449,319,,
487296,University of Arizona-South,502,AZ,,466,465,486,,,,,,,,,,
106245,University of Arkansas at Little Rock,10862,AR,23256,10686,10900,10916,11343,11899,12182,12137,13035,12160,2109,1574,580,
106485,University of Arkansas at Monticello,3841,AR,18812,4278,4055,4284,4414,4549,4675,4392,4288,4064,,,,
106412,University of Arkansas at Pine Bluff,2730,AR,19486,2968,2798,2639,2794,2990,3395,3624,4051,3840,4393,2051,515,
108092,University of Arkansas-Fort Smith,7517,AR,19967,7568,7688,7847,8162,8732,8924,9389,9086,8521,,,,
161873,University of Baltimore,3580,MD,,3827,3878,4026,4060,4041,3882,3778,3554,3259,426,345,530,
445188,University of California-Merced,7783,CA,35676,7171,6551,6175,6146,5677,5136,4295,3352,2622,22574,15754,590,
106704,University of Central Arkansas,10616,AR,21854,10928,11158,11040,10867,10753,10827,11208,11585,12430,5362,4823,580,
176965,University of Central Missouri,12748,MO,19564,12843,12928,12460,12210,12035,11617,11240,10887,10617,4841,4047,,
206941,University of Central Oklahoma,16678,OK,23616,17354,17659,17467,18219,18205,18115,18059,17245,16724,5383,4065,,
126580,University of Colorado Colorado Springs,14206,CO,25114,14122,13528,12777,11921,10738,10027,9050,8694,8848,9909,9197,620,
141565,University of Hawaii at Hilo,3516,HI,23168,3703,3899,3922,4038,4213,4179,4114,4197,3976,1709,1331,580,
141981,University of Hawaii-West Oahu,4149,HI,,3854,3416,3329,2974,2460,2104,1811,1652,1424,1073,845,550,
225414,University of Houston-Clear Lake,7002,TX,23918,7038,6916,6531,5947,5555,5405,6082,5655,5475,1045,755,590,
225432,University of Houston-Downtown,15057,TX,,15569,16129,16893,16798,16796,16072,16154,15654,15162,3931,3305,540,
225502,University of Houston-Victoria,3462,TX,19639,3683,3601,3635,3562,3078,3154,2918,2494,2100,4849,2367,,
148654,University of Illinois at Springfield,3322,IL,25073,3500,3445,3535,3578,3567,3631,3693,3586,3454,1746,915,640,
160658,University of Louisiana at Lafayette,17250,LA,24775,17556,17975,17636,17002,16935,17081,17125,16688,18126,10436,5309,600,
159993,University of Louisiana at Monroe,8828,LA,20993,8542,8344,7963,8122,8118,8665,8680,9052,8791,4035,3045,550,
161217,University of Maine at Augusta,5470,ME,,5818,6193,6143,6204,6525,6656,6669,6748,7352,,,,
161226,University of Maine at Farmington,1990,ME,22546,1956,2027,1982,2132,2265,2340,2462,2406,2221,1939,1601,,
161235,University of Maine at Fort Kent,2196,ME,19375,2354,2032,1779,1600,1630,1769,1701,1928,1865,572,556,530,
161244,University of Maine at Machias,980,ME,19466,992,1007,1098,1217,1332,1367,1414,1652,1526,,,,
161341,University of Maine at Presque Isle,1846,ME,19549,1715,1657,1555,1784,2019,2068,2089,1985,1822,1424,1359,,
232681,University of Mary Washington,4864,VA,27470,4800,4761,4648,4875,5048,5036,4870,4975,4818,5977,4393,610,
163338,University of Maryland Eastern Shore,3138,MD,23715,3569,4073,4024,4114,4244,4295,4372,4422,4260,7827,3053,520,
163268,University of Maryland-Baltimore County,12722,MD,27538,12702,12942,13133,12869,12684,11929,11382,10993,10528,11201,6744,690,
163204,University of Maryland-University College,69373,MD,,67434,57597,52970,42496,43574,44009,39062,37400,33953,,,,
166638,University of Massachusetts-Boston,15286,MA,,15848,16082,15864,15787,15741,15596,15023,14649,13995,10507,7896,610,
167987,University of Massachusetts-Dartmouth,7795,MA,29279,8029,8292,8409,8383,8394,8449,8595,8822,8927,7959,6707,590,
166513,University of Massachusetts-Lowell,16797,MA,29918,16407,16166,15881,15438,14939,14396,13854,13205,12226,11181,7696,660,
220862,University of Memphis,19958,TN,24660,19875,19345,19850,19939,20443,20650,20299,19399,18671,13741,11655,600,
171137,University of Michigan-Dearborn,8116,MI,,8151,8088,8181,8476,8742,8524,8419,8496,7983,5731,3684,650,
171146,University of Michigan-Flint,7367,MI,24178,7633,7948,8295,8443,8323,8198,8141,7929,7355,4558,2968,590,
174075,University of Minnesota-Crookston,3343,MN,23866,3290,3410,3351,3392,3367,3152,2955,2663,2658,1377,946,560,
174233,University of Minnesota-Duluth,10633,MN,24424,10490,10374,10507,10652,11068,11361,11442,11170,11239,8693,6660,640,
174251,University of Minnesota-Morris,1778,MN,23922,1912,2020,2034,2078,2053,2085,1972,1871,1771,3211,2048,710,
178402,University of Missouri-Kansas City,13657,MO,23529,13746,13702,13651,13719,14357,14377,13879,13343,12571,5065,3249,720,
178420,University of Missouri-St Louis,17073,MO,24692,17095,17327,17154,16728,16438,16381,16446,16195,15681,1970,1496,625,
101709,University of Montevallo,2529,AL,25630,2580,2756,2837,2846,2846,2785,2779,2833,2844,1944,1253,580,
181215,University of Nebraska at Kearney,5350,NE,22586,5614,5598,5746,6092,6228,6074,5708,5548,5522,5911,4832,588,
181394,University of Nebraska at Omaha,14566,NE,21832,14610,14621,14373,14430,14267,14158,13916,13581,13362,9158,7924,537,
183071,University of New Hampshire at Manchester,1019,NH,,1054,1038,1065,1125,1170,1330,1549,1489,1445,251,152,600,
159939,University of New Orleans,8055,LA,23732,8082,8131,8749,8703,9414,10144,10185,10666,10658,3736,2115,610,
101879,University of North Alabama,7077,AL,20264,6873,6807,6884,6965,7162,7260,7282,7206,7127,3969,2787,580,
199111,University of North Carolina at Asheville,4366,NC,19915,4429,4353,4516,4479,4413,4603,4578,4546,4247,3437,2763,610,
199139,University of North Carolina at Charlotte,27078,NC,23647,26758,25928,25202,24546,24170,23197,22637,22315,21158,16696,10992,640,
199148,University of North Carolina at Greensboro,18374,NC,20659,18091,18592,17977,17087,17034,17025,18109,20406,20106,8501,6634,580,
199281,University of North Carolina at Pembroke,6252,NC,19684,6379,6557,6451,6472,6436,6644,7221,7227,6670,4558,3680,530,
199218,University of North Carolina Wilmington,16604,NC,24613,16060,14730,14798,14167,13967,13699,13415,13017,12610,11677,7767,650,
136172,University of North Florida,16929,FL,21210,16531,16481,16921,17058,17352,16816,16539,17128,16881,14305,8399,630,
482680,University of North Georgia,21552,GA,19681,20811,20064,18571,17988,18520,,,,,10163,7934,560,
484905,University of North Texas at Dallas,3191,TX,23276,2697,2575,3573,2652,,,,,,1483,1097,540,
127741,University of Northern Colorado,11397,CO,24067,11278,10835,10885,11284,11829,11895,11619,11515,11159,7481,6664,610,
154095,University of Northern Iowa,11079,IA,21330,11334,11284,11367,11650,12023,12935,13018,13191,13134,5494,4441,690,
215266,University of Pittsburgh-Bradford,1478,PA,28111,1575,1607,1625,1677,1681,1881,1821,1969,1715,3681,2001,570,
215275,University of Pittsburgh-Greensburg,1639,PA,29293,1589,1637,1673,1960,1898,2022,2008,1952,1942,2518,1845,590,
215284,University of Pittsburgh-Johnstown,2912,PA,28689,2883,2931,2991,3064,3107,3128,3149,3195,3196,3914,2974,590,
207722,University of Science and Arts of Oklahoma,987,OK,18360,970,968,1037,1064,1096,1191,1259,1307,1410,1053,549,510,
102094,University of South Alabama,12062,AL,20698,12848,13267,13015,12904,13079,13366,13706,13550,13255,5898,4841,590,
218645,University of South Carolina-Aiken,3714,SC,24386,3673,3710,3715,3700,3513,3617,3577,3543,3423,3075,1628,550,
218654,University of South Carolina-Beaufort,2368,SC,24311,2270,2247,2079,2026,2104,2240,2161,2059,1865,2211,1425,530,
218742,University of South Carolina-Upstate,6704,SC,24918,6462,6352,6250,6273,6257,6341,6384,5971,5695,3809,2203,540,
451671,University of South Florida-Sarasota-Manatee,2387,FL,,2306,2154,2100,2053,2275,2226,2213,1940,2057,631,248,610,
448840,University of South Florida-St Petersburg,5032,FL,21929,4880,4866,4486,4570,4940,4721,4415,4197,3955,5575,2226,600,
151306,University of Southern Indiana,10873,IN,20205,10817,11110,11153,11914,12641,12934,12464,12140,11445,4561,4269,580,
161554,University of Southern Maine,7874,ME,22612,7876,7554,8226,8871,9228,9255,9574,9610,9846,4339,3622,570,
206084,University of Toledo,17937,OH,25037,18077,17965,17900,17900,18229,19898,19587,20846,20246,10946,10328,620,
377555,University of Washington-Bothell Campus,6439,WA,26784,6175,5748,5417,4982,4205,4005,3459,2996,2604,3148,2522,620,
377564,University of Washington-Tacoma Campus,5218,WA,26310,5095,4818,4730,4492,3992,3856,3488,3226,3088,1982,1662,590,
101587,University of West Alabama,2516,AL,21005,2282,2273,2118,2187,2324,2454,2259,2233,2804,7388,2084,500,
141334,University of West Georgia,12739,GA,24070,12757,12171,11487,11316,11230,11469,11189,11133,10625,7912,4638,510,
240268,University of Wisconsin-Eau Claire,10902,WI,20070,10944,10944,11159,11389,11541,11536,11894,11691,11469,6781,5131,,
240277,University of Wisconsin-Green Bay,7973,WI,19334,7921,7719,7905,7717,7878,7561,7416,7329,7096,2705,2043,,
240329,University of Wisconsin-La Crosse,10427,WI,17386,10480,10385,10556,10434,10310,9986,9842,9709,9341,6723,4933,,
240365,University of Wisconsin-Oshkosh,14184,WI,19079,14113,14287,15070,14200,13837,13663,13573,13061,12534,6457,4074,,
240374,University of Wisconsin-Parkside,4730,WI,20083,4932,4963,5108,5195,5378,5508,5937,6124,5874,2302,1399,,
240462,University of Wisconsin-Platteville,8287,WI,18912,8628,8727,8744,8629,8651,8274,8207,7824,7439,3676,2930,,
240471,University of Wisconsin-River Falls,6248,WI,19888,6065,6126,6319,6410,6707,6960,7048,6908,6735,3450,2571,,
240480,University of Wisconsin-Stevens Point,8629,WI,18928,9091,9724,9878,10142,10202,10047,10007,9802,9703,3655,3054,,
240417,University of Wisconsin-Stout,9080,WI,19720,9359,9288,9208,9161,9351,9407,9325,9063,8732,3260,2842,,
240426,University of Wisconsin-Superior,2869,WI,19839,2850,2862,3002,3037,3048,3157,3129,3050,2955,1234,940,,
240189,University of Wisconsin-Whitewater,12472,WI,17804,12825,12637,12511,12182,11892,11322,11315,10797,10718,6745,4745,,
230728,Utah State University,28804,UT,19614,29784,29981,29405,29632,29848,32109,27528,15675,15063,15555,13857,620,
230737,Utah Valley University,48298,UT,,44947,43017,40634,39342,40549,41515,40596,36697,34229,,,,
141264,Valdosta State University,10099,GA,21294,10280,10218,10692,11210,11704,12197,12295,11621,11117,5303,3933,550,
200572,Valley City State University,1669,ND,18390,1567,1547,1513,1522,1527,1522,1417,1186,1051,384,293,560,
234155,Virginia State University,4659,VA,22581,4614,4542,4869,5374,6016,5937,5702,5414,5236,6307,5746,500,
156082,Washburn University,6759,KS,20468,6633,6711,6801,7096,7386,7632,7511,7078,6956,,,,
181783,Wayne State College,3218,NE,18422,3287,3328,3310,3380,3248,3243,3277,3088,3046,,,,
230782,Weber State University,34380,UT,20364,32248,31790,32658,31714,33394,31833,30709,30079,27418,,,,
216764,West Chester University of Pennsylvania,15898,PA,26773,15851,15787,15624,15433,15017,14654,14030,13768,13156,12667,8677,600,
237932,West Liberty University,2338,WV,22355,2253,2342,2770,2828,2937,2963,2936,2837,2711,1831,1314,480,
229814,West Texas A & M University,8377,TX,21196,8447,8330,8100,7919,7437,7284,7243,7193,6937,6116,3753,580,
237899,West Virginia State University,4437,WV,23228,4029,3852,3769,3261,3172,3446,3930,5194,3805,3182,3105,518,
237950,West Virginia University Institute of Technology,1923,WV,21784,1634,1497,1533,1423,1340,1504,1438,1435,1434,1597,845,590,
200004,Western Carolina University,10449,NC,21452,10260,9890,9859,9504,9233,8921,8834,8745,8232,19391,7532,590,
130776,Western Connecticut State University,5994,CT,27947,6179,6423,6345,6418,6932,7142,7000,6925,6736,5671,4017,,
149772,Western Illinois University,8599,IL,25835,9656,10355,10977,11156,11684,11892,11842,11890,12203,9767,5857,,
157951,Western Kentucky University,21084,KY,21496,21431,20547,20575,20420,21146,21080,21007,20715,19568,9804,9358,580,
172699,Western Michigan University,19611,MI,25139,19990,20265,20758,20980,21374,21897,21788,21415,21611,14263,11741,590,
188304,Western New Mexico University,2982,NM,22454,3241,3263,3747,3826,3798,3523,3735,3314,3188,,,,
210429,Western Oregon University,5370,OR,23109,5442,7376,5631,5891,6024,6159,5974,5502,5275,2942,2371,,
128391,Western State Colorado University,3271,CO,23672,3343,3268,3045,2671,2478,2387,2479,2402,2382,1954,1680,600,
237011,Western Washington University,16553,WA,23555,16246,16084,15662,15372,15397,15252,15156,14806,15122,11244,9534,630,
168263,Westfield State University,6407,MA,24076,6487,6536,6558,6644,6162,6267,5804,5642,5438,4381,3735,570,
156125,Wichita State University,13178,KS,23758,12704,12788,13160,13461,14278,15517,14787,14429,14433,5469,5130,650,
187444,William Paterson University of New Jersey,10459,NJ,28709,10743,11184,11055,11671,11771,11876,11560,10810,10021,7935,7331,550,
175272,Winona State University,8249,MN,21769,8477,8818,9012,9133,9275,9287,8909,8910,8606,7468,4966,690,
199999,Winston-Salem State University,5408,NC,19827,5425,5573,5790,6051,6486,6792,6897,7211,7139,4295,2859,510,
218964,Winthrop University,5572,SC,28188,5706,5640,5537,5604,5573,5443,5479,5641,5644,4573,3356,580,
168430,Worcester State University,6585,MA,25730,6597,6624,6795,6814,6662,6629,6420,6370,6175,3747,2860,,
206613,Wright State University-Lake Campus,1641,OH,20458,1751,1602,1534,1564,1619,1980,2023,1266,1505,372,370,500,
206604,Wright State University-Main Campus,13002,OH,24138,14332,14240,14343,14423,15086,16618,16556,14812,14901,5826,5638,630,
206695,Youngstown State University,12839,OH,22447,13131,12964,13802,14385,14702,15675,16184,15841,14603,10025,6379,620,